<?xml version="1.0" encoding="UTF-8"?>
<jdbcDataSource exportedWithPermissions="true">
    <folder>/Data_Sources</folder>
    <name>sola</name>
    <version>0</version>
    <label>sola</label>
    <creationDate>2019-10-11T04:15:44.919Z</creationDate>
    <updateDate>2019-10-07T09:51:44.682Z</updateDate>
    <driver>org.postgresql.Driver</driver>
    <connectionUrl>jdbc:postgresql://192.168.1.71:5432/sola</connectionUrl>
    <connectionUser>postgres</connectionUser>
    <connectionPassword>ENC&lt;C53F792AF9F6E0770C795CF49D122B2B&gt;</connectionPassword>
    <timezone></timezone>
</jdbcDataSource>
