<?xml version="1.0" encoding="UTF-8"?>
<export><property name="keyalias" value="3953e35a-4d91-4756-a86b-3c07087f1c85"/><module id="tenants"><organization>organizations</organization></module><module id="repositoryResources"><folder>/</folder></module><module id="favorites"/><property name="pathProcessorId" value="zip"/><property name="rootTenantId" value="organizations"/><property name="jsVersion" value="8.1.0 CE"/><property name="encrypted" value="4A52534956000000104AC3BCF4724233133A99281E1960E46004726A7E3B51A734639A78979D3218F3"/></export>