<?xml version="1.0" encoding="UTF-8"?>
<reportUnit exportedWithPermissions="true">
    <folder>/cert</folder>
    <name>Claim_certificate</name>
    <version>1</version>
    <label>Claim certificate</label>
    <description></description>
    <creationDate>2023-05-24T19:06:13.102Z</creationDate>
    <updateDate>2023-05-24T19:15:55.468Z</updateDate>
    <mainReport>
        <localResource
            xmlns:xsi="http://www.w3.org/2001/XMLSchema-instance"
            exportedWithPermissions="false" dataFile="main_jrxml.data" xsi:type="fileResource">
            <folder>/cert/Claim_certificate_files</folder>
            <name>main_jrxml</name>
            <version>2</version>
            <label>main_jrxml</label>
            <creationDate>2023-05-24T19:06:13.102Z</creationDate>
            <updateDate>2023-05-24T19:15:55.332Z</updateDate>
            <fileType>jrxml</fileType>
        </localResource>
    </mainReport>
    <dataSource>
        <uri>/Data_Sources/sola</uri>
    </dataSource>
    <inputControl>
        <localResource
            xmlns:xsi="http://www.w3.org/2001/XMLSchema-instance"
            exportedWithPermissions="false" xsi:type="inputControl">
            <folder>/cert/Claim_certificate_files</folder>
            <name>lang</name>
            <version>1</version>
            <label>lang</label>
            <description>Language code</description>
            <creationDate>2023-05-24T19:15:55.468Z</creationDate>
            <updateDate>2023-05-24T19:15:55.468Z</updateDate>
            <type>2</type>
            <mandatory>false</mandatory>
            <readOnly>false</readOnly>
            <visible>true</visible>
            <dataType>
                <localResource exportedWithPermissions="false" xsi:type="dataType">
                    <folder>/cert/Claim_certificate_files/lang_files</folder>
                    <name>myDatatype</name>
                    <version>0</version>
                    <label>myDatatype</label>
                    <creationDate>2023-05-24T19:15:55.468Z</creationDate>
                    <updateDate>2023-05-24T19:15:55.468Z</updateDate>
                    <type>1</type>
                    <strictMin>false</strictMin>
                    <strictMax>false</strictMax>
                </localResource>
            </dataType>
        </localResource>
    </inputControl>
    <inputControl>
        <localResource
            xmlns:xsi="http://www.w3.org/2001/XMLSchema-instance"
            exportedWithPermissions="false" xsi:type="inputControl">
            <folder>/cert/Claim_certificate_files</folder>
            <name>id</name>
            <version>1</version>
            <label>id</label>
            <description>Claim id</description>
            <creationDate>2023-05-24T19:15:55.468Z</creationDate>
            <updateDate>2023-05-24T19:15:55.468Z</updateDate>
            <type>2</type>
            <mandatory>false</mandatory>
            <readOnly>false</readOnly>
            <visible>true</visible>
            <dataType>
                <localResource exportedWithPermissions="false" xsi:type="dataType">
                    <folder>/cert/Claim_certificate_files/id_files</folder>
                    <name>myDatatype</name>
                    <version>0</version>
                    <label>myDatatype</label>
                    <creationDate>2023-05-24T19:15:55.468Z</creationDate>
                    <updateDate>2023-05-24T19:15:55.468Z</updateDate>
                    <type>1</type>
                    <strictMin>false</strictMin>
                    <strictMax>false</strictMax>
                </localResource>
            </dataType>
        </localResource>
    </inputControl>
    <inputControl>
        <localResource
            xmlns:xsi="http://www.w3.org/2001/XMLSchema-instance"
            exportedWithPermissions="false" xsi:type="inputControl">
            <folder>/cert/Claim_certificate_files</folder>
            <name>imageUrl</name>
            <version>1</version>
            <label>imageUrl</label>
            <description>URL of the service to generate map image</description>
            <creationDate>2023-05-24T19:15:55.468Z</creationDate>
            <updateDate>2023-05-24T19:15:55.468Z</updateDate>
            <type>2</type>
            <mandatory>false</mandatory>
            <readOnly>false</readOnly>
            <visible>true</visible>
            <dataType>
                <localResource exportedWithPermissions="false" xsi:type="dataType">
                    <folder>/cert/Claim_certificate_files/imageUrl_files</folder>
                    <name>myDatatype</name>
                    <version>0</version>
                    <label>myDatatype</label>
                    <creationDate>2023-05-24T19:15:55.468Z</creationDate>
                    <updateDate>2023-05-24T19:15:55.468Z</updateDate>
                    <type>1</type>
                    <strictMin>false</strictMin>
                    <strictMax>false</strictMax>
                </localResource>
            </dataType>
        </localResource>
    </inputControl>
    <inputControl>
        <localResource
            xmlns:xsi="http://www.w3.org/2001/XMLSchema-instance"
            exportedWithPermissions="false" xsi:type="inputControl">
            <folder>/cert/Claim_certificate_files</folder>
            <name>communityName</name>
            <version>1</version>
            <label>communityName</label>
            <description></description>
            <creationDate>2023-05-24T19:15:55.468Z</creationDate>
            <updateDate>2023-05-24T19:15:55.468Z</updateDate>
            <type>2</type>
            <mandatory>false</mandatory>
            <readOnly>false</readOnly>
            <visible>true</visible>
            <dataType>
                <localResource exportedWithPermissions="false" xsi:type="dataType">
                    <folder>/cert/Claim_certificate_files/communityName_files</folder>
                    <name>myDatatype</name>
                    <version>0</version>
                    <label>myDatatype</label>
                    <creationDate>2023-05-24T19:15:55.468Z</creationDate>
                    <updateDate>2023-05-24T19:15:55.468Z</updateDate>
                    <type>1</type>
                    <strictMin>false</strictMin>
                    <strictMax>false</strictMax>
                </localResource>
            </dataType>
        </localResource>
    </inputControl>
    <resource>
        <localResource
            xmlns:xsi="http://www.w3.org/2001/XMLSchema-instance"
            exportedWithPermissions="false" dataFile="Shares.jrxml.data" xsi:type="fileResource">
            <folder>/cert/Claim_certificate_files</folder>
            <name>Shares.jrxml</name>
            <version>0</version>
            <label>Shares.jrxml</label>
            <creationDate>2023-05-24T19:15:55.468Z</creationDate>
            <updateDate>2023-05-24T19:15:55.468Z</updateDate>
            <fileType>jrxml</fileType>
        </localResource>
    </resource>
    <resource>
        <localResource
            xmlns:xsi="http://www.w3.org/2001/XMLSchema-instance"
            exportedWithPermissions="false"
            dataFile="Bundle_ru_RU.properties.data" xsi:type="fileResource">
            <folder>/cert/Claim_certificate_files</folder>
            <name>Bundle_ru_RU.properties</name>
            <version>0</version>
            <label>Bundle_ru_RU.properties</label>
            <creationDate>2023-05-24T19:15:55.468Z</creationDate>
            <updateDate>2023-05-24T19:15:55.468Z</updateDate>
            <fileType>prop</fileType>
        </localResource>
    </resource>
    <resource>
        <localResource
            xmlns:xsi="http://www.w3.org/2001/XMLSchema-instance"
            exportedWithPermissions="false"
            dataFile="Bundle.properties.data" xsi:type="fileResource">
            <folder>/cert/Claim_certificate_files</folder>
            <name>Bundle.properties</name>
            <version>0</version>
            <label>Bundle.properties</label>
            <creationDate>2023-05-24T19:15:55.468Z</creationDate>
            <updateDate>2023-05-24T19:15:55.468Z</updateDate>
            <fileType>prop</fileType>
        </localResource>
    </resource>
    <resource>
        <localResource
            xmlns:xsi="http://www.w3.org/2001/XMLSchema-instance"
            exportedWithPermissions="false" dataFile="logo.png.data" xsi:type="fileResource">
            <folder>/cert/Claim_certificate_files</folder>
            <name>logo.png</name>
            <version>0</version>
            <label>logo.png</label>
            <creationDate>2023-05-24T19:15:55.468Z</creationDate>
            <updateDate>2023-05-24T19:15:55.468Z</updateDate>
            <fileType>img</fileType>
        </localResource>
    </resource>
    <alwaysPromptControls>true</alwaysPromptControls>
    <controlsLayout>1</controlsLayout>
</reportUnit>
