<?xml version="1.0" encoding="UTF-8"?>
<reportUnit exportedWithPermissions="false">
    <folder>/cert</folder>
    <name>Claim_certificate</name>
    <version>2</version>
    <label>Claim certificate</label>
    <description></description>
    <creationDate>2020-11-16T21:57:15.114+06:00</creationDate>
    <updateDate>2020-11-16T22:12:14.709+06:00</updateDate>
    <mainReport>
        <localResource
            xmlns:xsi="http://www.w3.org/2001/XMLSchema-instance"
            exportedWithPermissions="false" dataFile="main_jrxml.data" xsi:type="fileResource">
            <folder>/cert/Claim_certificate_files</folder>
            <name>main_jrxml</name>
            <version>0</version>
            <label>Main jrxml</label>
            <creationDate>2020-11-16T21:57:15.114+06:00</creationDate>
            <updateDate>2020-11-16T21:57:15.114+06:00</updateDate>
            <fileType>jrxml</fileType>
        </localResource>
    </mainReport>
    <dataSource>
        <uri>/Data_Sources/sola</uri>
    </dataSource>
    <inputControl>
        <uri>/Input_Controls/lang</uri>
    </inputControl>
    <inputControl>
        <localResource
            xmlns:xsi="http://www.w3.org/2001/XMLSchema-instance"
            exportedWithPermissions="false" xsi:type="inputControl">
            <folder>/cert/Claim_certificate_files</folder>
            <name>id</name>
            <version>0</version>
            <label>id</label>
            <description></description>
            <creationDate>2020-11-16T22:12:14.709+06:00</creationDate>
            <updateDate>2020-11-16T22:12:14.709+06:00</updateDate>
            <type>2</type>
            <mandatory>true</mandatory>
            <readOnly>false</readOnly>
            <visible>true</visible>
            <dataType>
                <localResource exportedWithPermissions="false" xsi:type="dataType">
                    <folder>/cert/Claim_certificate_files/id_files</folder>
                    <name>id</name>
                    <version>0</version>
                    <label>id</label>
                    <description></description>
                    <creationDate>2020-11-16T22:12:14.709+06:00</creationDate>
                    <updateDate>2020-11-16T22:12:14.709+06:00</updateDate>
                    <type>1</type>
                    <regularExpr></regularExpr>
                    <strictMin>false</strictMin>
                    <strictMax>false</strictMax>
                </localResource>
            </dataType>
        </localResource>
    </inputControl>
    <inputControl>
        <localResource
            xmlns:xsi="http://www.w3.org/2001/XMLSchema-instance"
            exportedWithPermissions="false" xsi:type="inputControl">
            <folder>/cert/Claim_certificate_files</folder>
            <name>imageUrl</name>
            <version>0</version>
            <label>imageUrl</label>
            <description></description>
            <creationDate>2020-11-16T22:12:14.709+06:00</creationDate>
            <updateDate>2020-11-16T22:12:14.709+06:00</updateDate>
            <type>2</type>
            <mandatory>true</mandatory>
            <readOnly>false</readOnly>
            <visible>true</visible>
            <dataType>
                <localResource exportedWithPermissions="false" xsi:type="dataType">
                    <folder>/cert/Claim_certificate_files/imageUrl_files</folder>
                    <name>imageUrl</name>
                    <version>0</version>
                    <label>imageUrl</label>
                    <description></description>
                    <creationDate>2020-11-16T22:12:14.709+06:00</creationDate>
                    <updateDate>2020-11-16T22:12:14.709+06:00</updateDate>
                    <type>1</type>
                    <regularExpr></regularExpr>
                    <strictMin>false</strictMin>
                    <strictMax>false</strictMax>
                </localResource>
            </dataType>
        </localResource>
    </inputControl>
    <inputControl>
        <localResource
            xmlns:xsi="http://www.w3.org/2001/XMLSchema-instance"
            exportedWithPermissions="false" xsi:type="inputControl">
            <folder>/cert/Claim_certificate_files</folder>
            <name>communityName</name>
            <version>0</version>
            <label>communityName</label>
            <description></description>
            <creationDate>2020-11-16T22:12:14.709+06:00</creationDate>
            <updateDate>2020-11-16T22:12:14.709+06:00</updateDate>
            <type>2</type>
            <mandatory>true</mandatory>
            <readOnly>false</readOnly>
            <visible>true</visible>
            <dataType>
                <localResource exportedWithPermissions="false" xsi:type="dataType">
                    <folder>/cert/Claim_certificate_files/communityName_files</folder>
                    <name>communityName</name>
                    <version>0</version>
                    <label>communityName</label>
                    <description></description>
                    <creationDate>2020-11-16T22:12:14.709+06:00</creationDate>
                    <updateDate>2020-11-16T22:12:14.709+06:00</updateDate>
                    <type>1</type>
                    <regularExpr></regularExpr>
                    <strictMin>false</strictMin>
                    <strictMax>false</strictMax>
                </localResource>
            </dataType>
        </localResource>
    </inputControl>
    <resource>
        <localResource
            xmlns:xsi="http://www.w3.org/2001/XMLSchema-instance"
            exportedWithPermissions="false" dataFile="Shares.jrxml.data" xsi:type="fileResource">
            <folder>/cert/Claim_certificate_files</folder>
            <name>Shares.jrxml</name>
            <version>0</version>
            <label>Shares.jrxml</label>
            <creationDate>2020-11-16T21:57:15.114+06:00</creationDate>
            <updateDate>2020-11-16T21:57:15.114+06:00</updateDate>
            <fileType>jrxml</fileType>
        </localResource>
    </resource>
    <resource>
        <localResource
            xmlns:xsi="http://www.w3.org/2001/XMLSchema-instance"
            exportedWithPermissions="false" dataFile="logo.png.data" xsi:type="fileResource">
            <folder>/cert/Claim_certificate_files</folder>
            <name>logo.png</name>
            <version>0</version>
            <label>logo.png</label>
            <creationDate>2020-11-16T21:57:15.114+06:00</creationDate>
            <updateDate>2020-11-16T21:57:15.114+06:00</updateDate>
            <fileType>img</fileType>
        </localResource>
    </resource>
    <resource>
        <localResource
            xmlns:xsi="http://www.w3.org/2001/XMLSchema-instance"
            exportedWithPermissions="false"
            dataFile="Bundle.properties.data" xsi:type="fileResource">
            <folder>/cert/Claim_certificate_files</folder>
            <name>Bundle.properties</name>
            <version>0</version>
            <label>Bundle</label>
            <description></description>
            <creationDate>2020-11-16T21:59:58.642+06:00</creationDate>
            <updateDate>2020-11-16T21:59:58.642+06:00</updateDate>
            <fileType>prop</fileType>
        </localResource>
    </resource>
    <resource>
        <localResource
            xmlns:xsi="http://www.w3.org/2001/XMLSchema-instance"
            exportedWithPermissions="false"
            dataFile="Bundle_ru_RU.properties.data" xsi:type="fileResource">
            <folder>/cert/Claim_certificate_files</folder>
            <name>Bundle_ru_RU.properties</name>
            <version>0</version>
            <label>Bundle_ru_RU</label>
            <description></description>
            <creationDate>2020-11-16T21:59:58.642+06:00</creationDate>
            <updateDate>2020-11-16T21:59:58.642+06:00</updateDate>
            <fileType>prop</fileType>
        </localResource>
    </resource>
    <inputControlRenderingView></inputControlRenderingView>
    <alwaysPromptControls>true</alwaysPromptControls>
    <controlsLayout>1</controlsLayout>
</reportUnit>
