<?xml version="1.0" encoding="UTF-8"?>
<folder exportedWithPermissions="true">
    <name>/</name>
    <label>root</label>
    <description>Root of the folder hierarchy</description>
    <creationDate>2023-05-24T18:51:19.212Z</creationDate>
    <updateDate>2023-04-26T11:19:11.668Z</updateDate>
    <folder>cert</folder>
    <folder>Data_Sources</folder>
    <folder>reports</folder>
    <permission>
        <permissionMask>2</permissionMask>
        <recipient recipientType="role">ROLE_USER</recipient>
    </permission>
    <permission>
        <permissionMask>1</permissionMask>
        <recipient recipientType="role">ROLE_ADMINISTRATOR</recipient>
    </permission>
</folder>
