<?xml version="1.0" encoding="UTF-8"?>
<inputControl exportedWithPermissions="false">
    <folder>/Input_Controls</folder>
    <name>lang</name>
    <version>0</version>
    <label>Language</label>
    <description></description>
    <creationDate>2020-10-07T14:42:48.768+06:00</creationDate>
    <updateDate>2020-10-07T14:42:48.768+06:00</updateDate>
    <type>2</type>
    <mandatory>false</mandatory>
    <readOnly>false</readOnly>
    <visible>false</visible>
    <dataType>
        <localResource
            xmlns:xsi="http://www.w3.org/2001/XMLSchema-instance"
            exportedWithPermissions="false" xsi:type="dataType">
            <folder>/Input_Controls/lang_files</folder>
            <name>text</name>
            <version>0</version>
            <label>Text</label>
            <description></description>
            <creationDate>2020-10-07T14:42:48.768+06:00</creationDate>
            <updateDate>2020-10-07T14:42:48.768+06:00</updateDate>
            <type>1</type>
            <regularExpr></regularExpr>
            <strictMin>false</strictMin>
            <strictMax>false</strictMax>
        </localResource>
    </dataType>
</inputControl>
